ID,full_name,first_name,last_name,company_name,address,city,state,post,phone1,phone2,email,web
1,Rebbecca Didio,Rebbecca,Didio,"Brandt, Jonathan F Esq",171 E 24th St,Leith,TA,7315,03-8174-9123,0458-665-290,rebbecca.didio@didio.com.au,http://www.brandtjonathanfesq.com.au
2,Stevie Hallo,Stevie,Hallo,Landrum Temporary Services,22222 Acoma St,Proston,QL,4613,07-9997-3366,0497-622-620,stevie.hallo@hotmail.com,http://www.landrumtemporaryservices.com.au
3,Mariko Stayer,Mariko,Stayer,"Inabinet, Macre Esq",534 Schoenborn St #51,Hamel,WA,6215,08-5558-9019,0427-885-282,mariko_stayer@hotmail.com,http://www.inabinetmacreesq.com.au
4,Gerardo Woodka,Gerardo,Woodka,Morris Downing & Sherred,69206 Jackson Ave,Talmalmo,NS,2640,02-6044-4682,0443-795-912,gerardo_woodka@hotmail.com,http://www.morrisdowningsherred.com.au
5,Mayra Bena,Mayra,Bena,"Buelt, David L Esq",808 Glen Cove Ave,Lane Cove,NS,1595,02-1455-6085,0453-666-885,mayra.bena@gmail.com,http://www.bueltdavidlesq.com.au
6,Idella Scotland,Idella,Scotland,Artesian Ice & Cold Storage Co,373 Lafayette St,Cartmeticup,WA,6316,08-7868-1355,0451-966-921,idella@hotmail.com,http://www.artesianicecoldstorageco.com.au
7,Sherill Klar,Sherill,Klar,Midway Hotel,87 Sylvan Ave,Nyamup,WA,6258,08-6522-8931,0427-991-688,sklar@hotmail.com,http://www.midwayhotel.com.au
8,Ena Desjardiws,Ena,Desjardiws,"Selsor, Robert J Esq",60562 Ky Rt 321,Bendick Murrell,NS,2803,02-5226-9402,0415-961-606,ena_desjardiws@desjardiws.com.au,http://www.selsorrobertjesq.com.au
9,Vince Siena,Vince,Siena,Vincent J Petti & Co,70 S 18th Pl,Purrawunda,QL,4356,07-3184-9989,0411-732-965,vince_siena@yahoo.com,http://www.vincentjpettico.com.au
10,Theron Jarding,Theron,Jarding,"Prentiss, Paul F Esq",8839 Ventura Blvd,Blanchetown,SA,5357,08-6890-4661,0461-862-457,tjarding@hotmail.com,http://www.prentisspaulfesq.com.au
